"NodeLabel","NodeId","Des1","Des2","Rate","Time"
"Rhyncholestes_raphanurus","1","-","-","0.812914716599125","0"
"Caenolestes_fuliginosus","2","-","-","0.784260049015083","0"
"Metachirus_nudicaudatus","3","-","-","1.10272867435691","0"
"Didelphis_virginiana","4","-","-","1.20123432518914","0"
"Thylamys_elegans","5","-","-","1.11282647361337","0"
"Monodelphis_domestica","6","-","-","0.857636184405416","0"
"Sminthopsis_crassicaudata","7","-","-","0.897798200429166","0"
"Sminthopsis_douglasi","8","-","-","0.967047904085633","0"
"Dasyurus_hallucatus","9","-","-","1.39598138874568","0"
"Phascogale_tapoatafa","10","-","-","1.0256400302032","0"
"Thylacinus_cynocephalus","11","-","-","1.56456397204736","0"
"Myrmecobius_fasciatus","12","-","-","0.900544029026905","0"
"Isoodon_macrourus","13","-","-","0.903698095666826","0"
"Perameles_gunnii","14","-","-","1.14403708613107","0"
"Echymipera_rufescens","15","-","-","0.863868987960877","0"
"Macrotis_lagotis","16","-","-","1.02291903725083","0"
"Vombatus_ursinus","17","-","-","0.610838484121929","0"
"Phascolarctos_cinereus","18","-","-","1.55471447562099","0"
"Distoechurus_pennatus","19","-","-","0.978815182238942","0"
"Tarsipes_rostratus","20","-","-","1.16658506533938","0"
"Dactylopsila_trivirgata","21","-","-","0.830619852456564","0"
"Petaurus_breviceps","22","-","-","1.0091432785871","0"
"Pseudocheirus_peregrinus","23","-","-","0.743691630991386","0"
"Trichosurus_vulpecula","24","-","-","0.602343395518459","0"
"Phalanger_interpositus","25","-","-","0.907895089920943","0"
"Lagorchestes_hirsutus","26","-","-","0.840078084572617","0"
"Macropus_robustus","27","-","-","0.843966674313504","0"
"Lagostrophus_fasciatus","28","-","-","0.729172551002273","0"
"Potorous_tridactylus","29","-","-","0.702468853656328","0"
"Notoryctes_typhlops","30","-","-","1.04512203073726","0"
"Dromiciops_gliroides","31","-","-","0.714829524329585","0"
"Bradypus_tridactylus","32","-","-","1.34696184782921","0"
"Choloepus_didactylus","33","-","-","0.814672016524287","0"
"Tamandua_tetradactyla","34","-","-","1.01295841903028","0"
"Dasypus_novemcinctus","35","-","-","0.91203873373923","0"
"Trichechus_manatus","36","-","-","0.793991115819996","0"
"Dugong_dugon","37","-","-","0.79349405887568","0"
"Elephas_maximus","38","-","-","1.88711832719592","0"
"Loxodonta_africana","39","-","-","1.73263755862672","0"
"Dendrohyrax_dorsalis","40","-","-","1.43817424980644","0"
"Procavia_capensis","41","-","-","0.995505629861527","0"
"Orycteropus_afer","42","-","-","0.901881342809759","0"
"Echinops_telfairi","43","-","-","1.92527100603549","0"
"Chrysochloris_asiatica","44","-","-","0.965052890435336","0"
"Eremitalpa_granti","45","-","-","1.31440189610492","0"
"Macroscelides_proboscideus","46","-","-","1.53876650859453","0"
"Elephantulus_sp","47","-","-","1.31879409303673","0"
"Oryctolagus_cuniculus","48","-","-","0.784300414287955","0"
"Lepus_europaeus","49","-","-","0.903930351331036","0"
"Ochotona_curzoniae","50","-","-","0.822142220879084","0"
"Ochotona_collaris","51","-","-","1.3678815119239","0"
"Ochotona_princeps","52","-","-","1.12690560178848","0"
"Myoxus_glis","53","-","-","1.57011499026676","0"
"Sciurus_vulgaris","54","-","-","1.08327529260274","0"
"Cavia_porcellus","55","-","-","1.68757534875965","0"
"Thryonomys_swinderianus","56","-","-","1.94288750798029","0"
"Rattus_tanezumi","57","-","-","1.96527125509417","0"
"Rattus_rattus","58","-","-","2.17373418317512","0"
"Rattus_exulans","59","-","-","2.01176643596966","0"
"Rattus_norvegicus","60","-","-","1.81298882877213","0"
"Rattus_praetor","61","-","-","1.2953953772477","0"
"Mus_terricolor","62","-","-","1.90363019329279","0"
"Mus_musculus","63","-","-","1.81757567770558","0"
"Cricetulus_griseus","64","-","-","3.15553740096794","0"
"Tscherskia_triton","65","-","-","2.76378820882737","0"
"Mesocricetus_auratus","66","-","-","2.46512925632829","0"
"Eothenomys_chinensis","67","-","-","1.16879301249288","0"
"Microtus_rossiaemeridionalis","68","-","-","2.26092293213397","0"
"Microtus_kikuchii","69","-","-","2.68604413306109","0"
"Proedromys_sp","70","-","-","1.95598208622859","0"
"Nannospalax_ehrenbergi","71","-","-","1.82957864057962","0"
"Jaculus_jaculus","72","-","-","1.69193961031204","0"
"Anomalurus_sp","73","-","-","1.95978972415396","0"
"Nycticebus_coucang","74","-","-","1.34667593649099","0"
"Loris_tardigradus","75","-","-","1.26631172336326","0"
"Galago_senegalensis","76","-","-","1.31317358762361","0"
"Otolemur_crassicaudatus","77","-","-","1.15709689695995","0"
"Perodicticus_potto","78","-","-","1.33803888202086","0"
"Eulemur_fulvus","79","-","-","1.28744522817315","0"
"Eulemur_mongoz","80","-","-","1.64009649686286","0"
"Eulemur_macaco","81","-","-","1.19939597602672","0"
"Lemur_catta","82","-","-","0.99506157823681","0"
"Varecia_variegata","83","-","-","1.40187030134382","0"
"Propithecus_coquereli","84","-","-","0.887486355677403","0"
"Daubentonia_madagascariensis","85","-","-","1.22696240421225","0"
"Hylobates_lar","86","-","-","1.64057997780309","0"
"Hylobates_agilis","87","-","-","2.38119922186182","0"
"Hylobates_pileatus","88","-","-","1.21854389662725","0"
"Symphalangus_syndactylus","89","-","-","1.4341841712721","0"
"Nomascus_siki","90","-","-","1.49262211044175","0"
"Pongo_abelii","91","-","-","1.84116975577058","0"
"Pongo_pygmaeus","92","-","-","1.93485838996673","0"
"Pan_paniscus","93","-","-","1.42402364142713","0"
"Pan_troglodytes","94","-","-","1.81385621786784","0"
"Homo_sapiens","95","-","-","1.63935238360537","0"
"Gorilla_gorilla","96","-","-","1.50698729685558","0"
"Procolobus_badius","97","-","-","1.90705713703758","0"
"Colobus_guereza","98","-","-","2.14124893000876","0"
"Pygathrix_nemaeus","99","-","-","2.46849372265829","0"
"Pygathrix_roxellana","100","-","-","2.12061573104019","0"
"Nasalis_larvatus","101","-","-","2.01396731491222","0"
"Trachypithecus_obscurus","102","-","-","2.11857349458896","0"
"Presbytis_melalophos","103","-","-","2.72908682156845","0"
"Semnopithecus_entellus","104","-","-","2.42914284383518","0"
"Chlorocebus_tantalus","105","-","-","1.96136093971364","0"
"Chlorocebus_aethiops","106","-","-","1.95785850946415","0"
"Chlorocebus_pygerythrus","107","-","-","1.93672548583128","0"
"Chlorocebus_sabaeus","108","-","-","2.37994971065147","0"
"Macaca_fascicularis","109","-","-","3.55686558362476","0"
"Macaca_mulatta","110","-","-","2.459727279878","0"
"Macaca_thibetana","111","-","-","2.79915513802943","0"
"Macaca_sylvanus","112","-","-","2.58682783423499","0"
"Papio_hamadryas","113","-","-","2.31808194615347","0"
"Cebus_albifrons","114","-","-","2.41448719671834","0"
"Saimiri_sciureus","115","-","-","2.22280383004125","0"
"Tarsius_bancanus","116","-","-","0.896907070644456","0"
"Tarsius_syrichta","117","-","-","1.19525458004207","0"
"Cynocephalus_variegatus","118","-","-","1.34950839271107","0"
"Tupaia_belangeri","119","-","-","1.03605011242656","0"
"Echinosorex_gymnura","120","-","-","2.16410672061172","0"
"Hylomys_suillus","121","-","-","2.32113511110039","0"
"Hemiechinus_auritus","122","-","-","2.51702576924753","0"
"Erinaceus_europaeus","123","-","-","3.22505939094305","0"
"Sorex_unguiculatus","124","-","-","0.66939664816689","0"
"Episoriculus_fumidus","125","-","-","0.993162214245173","0"
"Crocidura_russula","126","-","-","1.48344658858451","0"
"Urotrichus_talpoides","127","-","-","0.809344164854632","0"
"Galemys_pyrenaicus","128","-","-","1.49406760925448","0"
"Talpa_europaea","129","-","-","0.613858234832659","0"
"Mogera_wogura","130","-","-","0.843534338550602","0"
"Sus_scrofa","131","-","-","0.695241406164177","0"
"Phacochoerus_africanus","132","-","-","0.84726923481393","0"
"Pecari_tajacu","133","-","-","0.888119527196796","0"
"Moschus_berezovskii","134","-","-","0.663959651130212","0"
"Moschus_moschiferus","135","-","-","0.679928685263477","0"
"Rangifer_tarandus","136","-","-","1.08911661064599","0"
"Hydropotes_inermis","137","-","-","1.26042152909237","0"
"Muntiacus_muntjak","138","-","-","1.03534004667131","0"
"Muntiacus_crinifrons","139","-","-","1.1207268549627","0"
"Muntiacus_reevesi","140","-","-","1.05089121367325","0"
"Cervus_unicolor","141","-","-","1.21749505230459","0"
"Cervus_elaphus","142","-","-","1.31358997348597","0"
"Cervus_nippon","143","-","-","1.05707433851795","0"
"Elaphodus_cephalophus","144","-","-","1.28993981534903","0"
"Bison_bison","145","-","-","0.920588050659458","0"
"Bos_grunniens","146","-","-","0.981243327032515","0"
"Bos_indicus","147","-","-","1.10910902920994","0"
"Bos_taurus","148","-","-","1.34792816974371","0"
"Bison_bonasus","149","-","-","0.99573601508575","0"
"Bubalus_bubalis","150","-","-","0.749054358723389","0"
"Naemorhedus_swinhoei","151","-","-","1.08384512338153","0"
"Capricornis_crispus","152","-","-","1.27517949162363","0"
"Naemorhedus_caudatus","153","-","-","1.09693381722258","0"
"Ovis_aries","154","-","-","0.894463539718253","0"
"Ammotragus_lervia","155","-","-","1.21496179165937","0"
"Budorcas_taxicolor","156","-","-","1.50516154588779","0"
"Capra_hircus","157","-","-","1.23286406942684","0"
"Pantholops_hodgsonii","158","-","-","0.73856091827761","0"
"Antilope_cervicapra","159","-","-","0.808067386446262","0"
"Giraffa_camelopardalis","160","-","-","0.779303431121764","0"
"Balaenoptera_acutorostrata","161","-","-","1.69950007675734","0"
"Balaenoptera_bonaerensis","162","-","-","0.798884307445036","0"
"Balaenoptera_physalus","163","-","-","1.39324624077131","0"
"Megaptera_novaeangliae","164","-","-","1.18220798127506","0"
"Eschrichtius_robustus","165","-","-","1.34811489972261","0"
"Balaenoptera_brydei","166","-","-","1.98939815766867","0"
"Balaenoptera_edeni","167","-","-","1.13057264125151","0"
"Balaenoptera_borealis","168","-","-","0.981422579217436","0"
"Balaenoptera_omurai","169","-","-","1.78855563245057","0"
"Balaenoptera_musculus","170","-","-","1.03000191929884","0"
"Caperea_marginata","171","-","-","1.56917426364195","0"
"Eubalaena_australis","172","-","-","0.523751119562322","0"
"Eubalaena_japonica","173","-","-","1.34227161313343","0"
"Balaena_mysticetus","174","-","-","0.900817109759163","0"
"Physeter_catodon","175","-","-","1.47073577977557","0"
"Kogia_breviceps","176","-","-","1.46747583687069","0"
"Hyperoodon_ampullatus","177","-","-","1.18683939506047","0"
"Berardius_bairdii","178","-","-","1.39649394965733","0"
"Platanista_minor","179","-","-","1.63582694711282","0"
"Monodon_monoceros","180","-","-","1.94140081434194","0"
"Phocoena_phocoena","181","-","-","1.98718704077294","0"
"Tursiops_aduncus","182","-","-","2.73284563947314","0"
"Delphinus_capensis","183","-","-","2.52723767744674","0"
"Stenella_coeruleoalba","184","-","-","2.25634475907283","0"
"Tursiops_truncatus","185","-","-","2.37222106996857","0"
"Sousa_chinensis","186","-","-","2.82730821379703","0"
"Stenella_attenuata","187","-","-","2.00821702631605","0"
"Lagenorhynchus_albirostris","188","-","-","2.56554177283401","0"
"Grampus_griseus","189","-","-","0.999718558927156","0"
"Inia_geoffrensis","190","-","-","2.33977728158837","0"
"Pontoporia_blainvillei","191","-","-","2.76869625185046","0"
"Lipotes_vexillifer","192","-","-","2.55286070604961","0"
"Hippopotamus_amphibius","193","-","-","0.763736092164123","0"
"Camelus_bactrianus","194","-","-","0.832466025784286","0"
"Camelus_dromedarius","195","-","-","1.16176262739032","0"
"Lama_glama","196","-","-","0.30420155694355","0"
"Lama_pacos","197","-","-","3.56953500086679","0"
"Lama_guanicoe","198","-","-","0.529606032119161","0"
"Vicugna_vicugna","199","-","-","0.799729483286008","0"
"Rhinolophus_pumilus","200","-","-","0.587550886527828","0"
"Rhinolophus_monoceros","201","-","-","0.727718844413036","0"
"Rhinolophus_formosae","202","-","-","1.16063503686489","0"
"Pteropus_scapulatus","203","-","-","0.918602580684832","0"
"Pteropus_dasymallus","204","-","-","0.991171468972448","0"
"Rousettus_aegyptiacus","205","-","-","0.924264937109161","0"
"Chalinolobus_tuberculatus","206","-","-","1.5642851810977","0"
"Pipistrellus_abramus","207","-","-","1.96991481999424","0"
"Mystacina_tuberculata","208","-","-","0.917532272237763","0"
"Artibeus_jamaicensis","209","-","-","1.30514008386532","0"
"Equus_caballus","210","-","-","0.489502834362804","0"
"Equus_asinus","211","-","-","0.557315756570039","0"
"Rhinoceros_sondaicus","212","-","-","0.869007590782204","0"
"Rhinoceros_unicornis","213","-","-","0.678377509524809","0"
"Diceros_bicornis","214","-","-","0.781700045993072","0"
"Ceratotherium_simum","215","-","-","0.642666535088499","0"
"Dicerorhinus_sumatrensis","216","-","-","0.640264497056532","0"
"Acinonyx_jubatus","217","-","-","0.877699981596306","0"
"Felis_catus","218","-","-","0.623062194324876","0"
"Uncia_uncia","219","-","-","1.13545711612099","0"
"Panthera_pardus","220","-","-","0.653841050225023","0"
"Panthera_tigris","221","-","-","0.895140666362999","0"
"Neofelis_nebulosa","222","-","-","0.919089488792575","0"
"Herpestes_javanicus","223","-","-","0.850392779793944","0"
"Nyctereutes_procyonoides","224","-","-","1.08024125445554","0"
"Vulpes_vulpes","225","-","-","0.860018836768311","0"
"Canis_latrans","226","-","-","0.666074530335813","0"
"Canis_lupus","227","-","-","0.890347061520406","0"
"Cuon_alpinus","228","-","-","1.07327587986465","0"
"Ursus_maritimus","229","-","-","0.943157886069647","0"
"Ursus_arctos","230","-","-","1.55048206313867","0"
"Ursus_americanus","231","-","-","1.10008885023346","0"
"Ursus_thibetanus","232","-","-","1.11066785319597","0"
"Helarctos_malayanus","233","-","-","1.15571249358308","0"
"Melursus_ursinus","234","-","-","0.867681223847681","0"
"Tremarctos_ornatus","235","-","-","1.0150088635253","0"
"Ailuropoda_melanoleuca","236","-","-","1.06758792654845","0"
"Ailurus_fulgens","237","-","-","1.0601385679274","0"
"Spilogale_putorius","238","-","-","1.57667884689816","0"
"Enhydra_lutris","239","-","-","1.27264962001435","0"
"Lutra_lutra","240","-","-","1.10186248278989","0"
"Martes_zibellina","241","-","-","1.1386047405354","0"
"Martes_melampus","242","-","-","0.896954353552035","0"
"Martes_flavigula","243","-","-","1.00537423255818","0"
"Gulo_gulo","244","-","-","1.0555369425843","0"
"Meles_meles","245","-","-","1.14842902404622","0"
"Procyon_lotor","246","-","-","1.26774475387994","0"
"Phocarctos_hookeri","247","-","-","1.80974485242253","0"
"Neophoca_cinerea","248","-","-","1.92243177409174","0"
"Arctocephalus_forsteri","249","-","-","1.37177129906031","0"
"Arctocephalus_townsendi","250","-","-","1.55830478865867","0"
"Arctocephalus_pusillus","251","-","-","1.36000081812679","0"
"Zalophus_californianus","252","-","-","1.04859879870309","0"
"Eumetopias_jubatus","253","-","-","1.48603202538101","0"
"Callorhinus_ursinus","254","-","-","1.02739084650249","0"
"Odobenus_rosmarus","255","-","-","1.53914365482801","0"
"Phoca_vitulina","256","-","-","1.46065894452633","0"
"Phoca_largha","257","-","-","1.28765365498853","0"
"Phoca_sibirica","258","-","-","0.668405507882355","0"
"Halichoerus_grypus","259","-","-","1.27084470752981","0"
"Phoca_caspica","260","-","-","0.892794799546505","0"
"Phoca_hispida","261","-","-","0.551382249928922","0"
"Phoca_groenlandica","262","-","-","1.1818632103495","0"
"Phoca_fasciata","263","-","-","0.849286559276984","0"
"Cystophora_cristata","264","-","-","0.696506511952579","0"
"Erignathus_barbatus","265","-","-","0.748454372096198","0"
"Hydrurga_leptonyx","266","-","-","1.03816056077898","0"
"Leptonychotes_weddellii","267","-","-","0.597495977949417","0"
"Lobodon_carcinophaga","268","-","-","0.76042795255702","0"
"Mirounga_leonina","269","-","-","1.12929284503397","0"
"Monachus_schauinslandi","270","-","-","0.96509441001282","0"
"Manis_tetradactyla","271","-","-","1.75220565208778","0"
"-","272","273","303","1.000","0.262329031298767"
"-","273","274","279","0.871327179341166","0.142789548921141"
"-","274","275","276","0.886924189328111","0.132947670545253"
"-","275","1","2","0.798458850214031","0.0681215370680861"
"-","276","277","6","0.985191055750043","0.0970551400623417"
"-","277","278","5","1.13171696108273","0.0828961227894455"
"-","278","3","4","1.15092811895784","0.0175827476430749"
"-","279","280","31","0.856004450655217","0.129488216210447"
"-","280","281","30","1.02506065376742","0.126049395310391"
"-","281","282","287","1.0053843599114","0.124340596100354"
"-","282","283","12","1.07586341306829","0.0862112206594626"
"-","283","284","11","1.28531426145781","0.082633885421009"
"-","284","285","286","1.05590616952851","0.0663701297052258"
"-","285","7","8","0.931779946133677","0.0367655002919604"
"-","286","9","10","1.19656775558939","0.0523517008100416"
"-","287","288","291","0.939522339803093","0.118828220523329"
"-","288","289","16","0.979130401223115","0.0770217359643104"
"-","289","290","15","0.937216248488155","0.0551761906773746"
"-","290","13","14","1.01679109757554","0.0289466140577597"
"-","291","292","293","0.901516514946754","0.106066391084542"
"-","292","17","18","0.974514973476931","0.0889809686403954"
"-","293","294","298","0.83398618681253","0.100025523646132"
"-","294","295","296","0.939013623592758","0.0927274399678782"
"-","295","19","20","1.06858372312486","0.0823454738571108"
"-","296","297","23","0.825154422822675","0.0820676170829559"
"-","297","21","22","0.915540518583176","0.0737774323822878"
"-","298","299","300","0.740705930477268","0.0908585928567091"
"-","299","24","25","0.739502948768642","0.0639269896316477"
"-","300","301","29","0.741910869128721","0.0608482493957117"
"-","301","302","28","0.783567463334999","0.0495397145028947"
"-","302","26","27","0.842020134676368","0.0280307276578699"
"-","303","304","319","1.14767451734505","0.166942230994751"
"-","304","305","308","1.09794961300455","0.161600455807135"
"-","305","306","35","0.969274545590191","0.127825711438845"
"-","306","307","34","1.03010224234368","0.114359087030341"
"-","307","32","33","1.04753621643946","0.0765522796107245"
"-","308","309","314","1.24370680957355","0.142501903144113"
"-","309","310","313","1.19728372661883","0.12533554604508"
"-","310","311","312","1.19802683154352","0.115385017654459"
"-","311","36","37","0.793742548439504","0.0523078900663866"
"-","312","38","39","1.80822899304056","0.00725656669359362"
"-","313","40","41","1.19654108262282","0.0340841869520313"
"-","314","315","316","1.29192988578226","0.130922327375617"
"-","315","42","43","1.31771241179401","0.119127644513945"
"-","316","317","318","1.26665182390215","0.121503795956898"
"-","317","44","45","1.12626255776783","0.042653620757958"
"-","318","46","47","1.42454069162563","0.0692041316244037"
"-","319","320","391","1.19965140673331","0.162120830404933"
"-","320","321","346","1.18732535737617","0.149656681544587"
"-","321","322","326","1.19485929101237","0.141794667941261"
"-","322","323","324","0.922323116179367","0.106185672109032"
"-","323","48","49","0.841993437644492","0.0409345697326289"
"-","324","50","325","1.01031658039833","0.0291226984722895"
"-","325","51","52","1.24156084763089","0.013183890448695"
"-","326","327","328","1.54792686020128","0.135276272105241"
"-","327","53","54","1.30417283191346","0.112349096144881"
"-","328","329","330","1.83723928753914","0.13202302140429"
"-","329","55","56","1.81073716035227","0.0975707544679542"
"-","330","331","73","1.86412930246632","0.12959400535159"
"-","331","332","72","1.77313821655724","0.10737971904712"
"-","332","333","71","1.85823366026401","0.0900229136626897"
"-","333","334","340","1.88733747735722","0.0639533841851656"
"-","334","335","339","1.71336345779756","0.0397273509923272"
"-","335","336","61","1.57819788414991","0.0174772894806084"
"-","336","337","60","1.92274004159813","0.0139978799633242"
"-","337","338","59","2.03913516117393","0.01006876327084"
"-","338","57","58","2.06687621942139","0.0042309681060295"
"-","339","62","63","1.86010535687497","0.0149556358689364"
"-","340","341","343","2.07897672687379","0.0499695816614518"
"-","341","342","66","2.69813931959856","0.0306162444854571"
"-","342","64","65","2.9531740655283","0.0234869661114668"
"-","343","67","344","1.60189809306286","0.0265436220685731"
"-","344","345","70","2.19549353318371","0.0188815635173889"
"-","345","68","69","2.46433333320834","0.0160142566052997"
"-","346","347","119","1.17983892737196","0.14506537685517"
"-","347","348","118","1.34358355628371","0.13680463270711"
"-","348","349","360","1.33768473205967","0.131225590186001"
"-","349","350","354","1.21545696978869","0.115840430147591"
"-","350","351","352","1.29502931298139","0.0715178812873974"
"-","351","74","75","1.30587576972304","0.0534441865706283"
"-","352","353","78","1.28427294568513","0.0643254849739546"
"-","353","76","77","1.23266746667909","0.0383209047716727"
"-","354","355","85","1.14077390418817","0.103543514914433"
"-","355","356","84","1.06063975229318","0.069668676712"
"-","356","357","83","1.26757631477711","0.0533280432065197"
"-","357","358","82","1.14614719510336","0.0411673014976478"
"-","358","359","81","1.32017296373859","0.0163107100499094"
"-","359","79","80","1.45311197387868","0.0121224574517596"
"-","360","361","390","1.47220385983442","0.127203728702316"
"-","361","362","389","2.09330240274595","0.0939897029080514"
"-","362","363","373","1.89147637952096","0.0654188993891163"
"-","363","364","368","1.60121275221183","0.0461079115411321"
"-","364","365","90","1.49225617632931","0.0196325645955541"
"-","365","366","89","1.49189033192997","0.0159191549156125"
"-","366","367","88","1.55191837079887","0.00927254244288938"
"-","367","86","87","1.97649886580964","0.00627582936480028"
"-","368","369","370","1.7181247553302","0.0386713153566225"
"-","369","91","92","1.8874328463036","0.0111646413567101"
"-","370","371","96","1.56400408134237","0.0216093394204111"
"-","371","372","95","1.62317809284759","0.0150358155125808"
"-","372","93","94","1.60716338198498","0.00696196306829878"
"-","373","374","381","2.23435823212356","0.0455501069270377"
"-","374","375","376","2.1453866843845","0.0330800938544641"
"-","375","97","98","2.0207632355492","0.0256541867833066"
"-","376","377","379","2.27769584509657","0.0259303244789531"
"-","377","378","101","2.14659300832347","0.0208772007811024"
"-","378","99","100","2.28795249518934","0.0184719935001074"
"-","379","380","104","2.41680576739698","0.0246770173076191"
"-","380","102","103","2.40453134822712","0.0198374047949438"
"-","381","382","385","2.32701952789951","0.0315613975029345"
"-","382","383","108","2.15324407172804","0.00953927719497293"
"-","383","384","107","1.94813361462281","0.00629257997024246"
"-","384","105","106","1.95960894209762","0.00513928864183035"
"-","385","386","113","2.5148193622472","0.0251259452223627"
"-","386","387","112","2.72825403572454","0.0152514981777547"
"-","387","388","111","2.87741224403845","0.0114091568438334"
"-","388","109","110","2.95785721543502","0.0092258195392806"
"-","389","114","115","2.31666384882466","0.0342909252583866"
"-","390","116","117","1.03538991885178","0.0482692147458405"
"-","391","392","402","1.21210541721906","0.144836855181008"
"-","392","393","396","1.58095925572452","0.137048545674981"
"-","393","394","395","2.52697600663618","0.111963622100902"
"-","394","120","121","2.24124610281428","0.0654403956381453"
"-","395","122","123","2.84913277934837","0.0309575694265914"
"-","396","397","399","0.989100079184441","0.121567806847596"
"-","397","398","126","1.09979537110756","0.0800682686616547"
"-","398","124","125","0.8153646161698","0.0564358965696246"
"-","399","400","401","0.8895463577533","0.075244195221469"
"-","400","127","128","1.09964307911632","0.0702371160113451"
"-","401","129","130","0.719590508611257","0.0542503107563236"
"-","402","403","471","0.929308922498765","0.128880912392758"
"-","403","404","466","0.869201390462875","0.114622996867105"
"-","404","405","407","0.867769007713052","0.108263009415439"
"-","405","406","133","0.825610059890317","0.0684851510831857"
"-","406","131","132","0.767500263330042","0.0327900493236973"
"-","407","408","434","0.912080759829082","0.0991355282025251"
"-","408","409","160","0.82672717033618","0.0638506107029128"
"-","409","410","420","0.877036834276783","0.057532746066624"
"-","410","411","412","0.881182488047429","0.0514613589560439"
"-","411","134","135","0.671896727675438","0.0164693742780696"
"-","412","413","414","1.15565762602812","0.0321944069639335"
"-","413","136","137","1.17164244705897","0.0267593017268496"
"-","414","415","417","1.13989088731754","0.0281168237042428"
"-","415","416","140","1.0639582301022","0.0140908971426648"
"-","416","138","139","1.07718772473644","0.0100015449352046"
"-","417","418","144","1.22124271256848","0.0234003165425455"
"-","418","419","143","1.15620414631366","0.0100730853186057"
"-","419","141","142","1.26463010144314","0.00797128496056676"
"-","420","421","426","0.87291068434946","0.0543926768142436"
"-","421","422","150","0.875830394697746","0.0395245013331975"
"-","422","423","424","1.02406303540338","0.0157974462985151"
"-","423","145","146","0.950431944778511","0.00641329202108446"
"-","424","425","149","1.10339841399584","0.011432749069561"
"-","425","147","148","1.22270164136194","0.00303577007428967"
"-","426","427","159","0.870000707288086","0.0471421079961298"
"-","427","428","158","0.936680830556087","0.0387144774281876"
"-","428","429","431","1.1879466630557","0.0328143808851567"
"-","429","430","153","1.13559860299343","0.0202500822303419"
"-","430","151","152","1.17562624733901","0.0113152698069416"
"-","431","432","157","1.24270782875675","0.0288190733115598"
"-","432","433","156","1.25263018523306","0.0265446590162744"
"-","433","154","155","1.04246775719447","0.0238098022494113"
"-","434","435","193","1.00624648892586","0.0864984654749086"
"-","435","436","449","1.32576161695661","0.0503788498611106"
"-","436","437","447","1.09608990146791","0.0319998829779916"
"-","437","438","171","1.38239672839994","0.0275004510332999"
"-","438","439","440","1.21785117113475","0.0206038776267365"
"-","439","161","162","1.16520553629953","0.00855192665111906"
"-","440","441","443","1.27287541024267","0.0195142187419478"
"-","441","442","165","1.31535777450374","0.0184027340734122"
"-","442","163","164","1.28339659720654","0.0126991191379099"
"-","443","444","170","1.23176510711066","0.0156863785370406"
"-","444","445","169","1.47305092414602","0.0135058700784739"
"-","445","446","168","1.21320186286541","0.00610644194143025"
"-","446","166","167","1.4997196836797","0.00458882499956574"
"-","447","448","174","0.869079799899786","0.011801507636597"
"-","448","172","173","0.838460649127528","0.00196085499704177"
"-","449","450","451","1.60355812296192","0.0475626126849623"
"-","450","175","176","1.46910490409699","0.0358901991274428"
"-","451","452","454","1.75031656796334","0.0448808120976195"
"-","452","453","179","1.45119720088724","0.0422905369801497"
"-","453","177","178","1.28740593225948","0.0282607740690063"
"-","454","455","464","2.11109013042055","0.0354368761364256"
"-","455","456","457","1.74838685752357","0.0250644577428863"
"-","456","180","181","1.96416051767831","0.0216003824095512"
"-","457","458","189","1.5563171014019","0.0100238211149686"
"-","458","459","188","2.42280479689733","0.00759605639882945"
"-","459","460","187","2.28800916283054","0.00370577477557388"
"-","460","461","186","2.60678296249671","0.00303751814467601"
"-","461","462","185","2.40345830723462","0.0025785961002703"
"-","462","463","184","2.43510687420529","0.00162874045964063"
"-","463","182","183","2.62803167156002","0.00155149633728212"
"-","464","465","192","2.54903628426466","0.0329767306929452"
"-","465","190","191","2.54521759181776","0.0277791397119116"
"-","466","467","468","0.870636137575016","0.0445765131892491"
"-","467","194","195","0.983426620205254","0.0132798212270403"
"-","468","469","199","0.770781742610686","0.00912808662499853"
"-","469","470","198","0.742881820863787","0.00424844103643772"
"-","470","196","197","1.04204515488926","0.00253450379329608"
"-","471","472","481","0.993573046375265","0.12350033164985"
"-","472","473","478","1.11965596661318","0.099924339749545"
"-","473","474","476","0.904500338559053","0.088606488817274"
"-","474","475","202","0.871164390817764","0.0317067801945771"
"-","475","200","201","0.653889785956232","0.00554334964797256"
"-","476","477","205","0.939111918573107","0.0494652541326474"
"-","477","203","204","0.954197395353428","0.023756737090517"
"-","478","479","480","1.38599117118036","0.0872164665926041"
"-","479","206","207","1.75542261605054","0.0339324316572203"
"-","480","208","209","1.09430715374502","0.0694929234962944"
"-","481","482","488","0.881688150574986","0.120072815925578"
"-","482","483","484","0.612893550227555","0.089509596598102"
"-","483","210","211","0.522309910375138","0.0216035521301234"
"-","484","485","486","0.719187012248614","0.0503556637260971"
"-","485","212","213","0.767798935394538","0.0234957671447053"
"-","486","487","216","0.673652872833571","0.0476584288841269"
"-","487","214","215","0.708782378475148","0.0244185734641356"
"-","488","489","271","1.26836706729205","0.114324479984022"
"-","489","490","496","0.91813139369468","0.0933732303784601"
"-","490","491","223","0.832558942496769","0.0730791717388034"
"-","491","492","493","0.815099103850922","0.0444765148473243"
"-","492","217","218","0.739500964497206","0.0363575261126954"
"-","493","494","222","0.89842553423889","0.0367385335288287"
"-","494","495","221","0.878226168849812","0.0283933028126925"
"-","495","219","220","0.861631286160166","0.0208506333386503"
"-","496","497","501","1.01249919142032","0.0837060621644593"
"-","497","498","499","0.936095791207419","0.0452975997638059"
"-","498","224","225","0.963860896128686","0.0398642431238237"
"-","499","500","228","0.909130491584182","0.0239761281165148"
"-","500","226","227","0.770089281082444","0.0114191425337421"
"-","501","502","509","1.09513857690196","0.0778684447753566"
"-","502","503","236","1.03895270291224","0.0564468729005108"
"-","503","504","235","1.01108554344416","0.0469966339351193"
"-","504","505","234","1.00717738819656","0.0245020860376854"
"-","505","506","507","1.16910019879896","0.0204553841340673"
"-","506","229","230","1.20927638902725","0.0036833705695628"
"-","507","508","233","1.13025879545306","0.0179196816812046"
"-","508","231","232","1.10536569587337","0.0156914598273918"
"-","509","510","519","1.15436294574051","0.0757044806519261"
"-","510","511","512","1.24301802221583","0.0701647379636223"
"-","511","237","238","1.29286428322235","0.0627540606602628"
"-","512","513","246","1.19509357912057","0.0649207971463587"
"-","513","514","245","1.12660585538536","0.047328131614525"
"-","514","515","516","1.10519738426386","0.0423588835162245"
"-","515","239","240","1.18418109680514","0.0290771312213826"
"-","516","517","244","1.03148180753698","0.0292903059596428"
"-","517","518","243","1.00797487644047","0.0245679660370355"
"-","518","241","242","1.01058224751784","0.00709289160011968"
"-","519","520","528","1.07203096550706","0.0622002065536937"
"-","520","521","255","1.35075071814656","0.0478681764167314"
"-","521","522","254","1.18541729152457","0.02755718536561"
"-","522","523","527","1.36775031608386","0.0164652486125354"
"-","523","524","251","1.49863159782114","0.0132823449509984"
"-","524","525","526","1.65139361392543","0.0119107761251895"
"-","525","247","248","1.8652375203432","0.0112524149317185"
"-","526","249","250","1.46206627218817","0.00846496789075151"
"-","527","252","253","1.2482994018459","0.013538066243789"
"-","528","529","538","0.850823453629507","0.0461334186182114"
"-","529","530","265","0.76211872693529","0.0391633760090222"
"-","530","531","264","0.776032548675944","0.0279537946392174"
"-","531","532","537","0.864638745323725","0.0200152190929294"
"-","532","533","261","0.746205856336728","0.00729620875630037"
"-","533","534","536","1.00986780061021","0.00641589551187092"
"-","534","535","258","0.957429890538985","0.00598139894547919"
"-","535","256","257","1.37143094197667","0.0036415071567065"
"-","536","259","260","1.06517770626023","0.00549398361470238"
"-","537","262","263","1.00186852403585","0.0151303465946046"
"-","538","539","270","0.949852724597209","0.0343168498919811"
"-","539","540","269","0.934851750320216","0.0280024797279652"
"-","540","541","268","0.773889429052816","0.0206383786224944"
"-","541","266","267","0.787589207348064","0.0132754031704486"
